dll,function
USER32.dll,CreateWindowExW
USER32.dll,ShutdownBlockReasonCreate
USER32.dll,MsgWaitForMultipleObjects
USER32.dll,ShowWindow
USER32.dll,DestroyWindow
USER32.dll,RegisterClassW
USER32.dll,DefWindowProcW
USER32.dll,PeekMessageW
USER32.dll,DispatchMessageW
USER32.dll,TranslateMessage
USER32.dll,GetMonitorInfoW
USER32.dll,MonitorFromPoint
USER32.dll,GetCursorPos
USER32.dll,GetSystemMetrics
USER32.dll,PostMessageW
USER32.dll,GetMessageW
USER32.dll,MessageBoxW
USER32.dll,MessageBoxA
USER32.dll,SystemParametersInfoW
USER32.dll,DestroyIcon
USER32.dll,SetWindowLongPtrW
USER32.dll,GetWindowLongPtrW
USER32.dll,GetClientRect
USER32.dll,InvalidateRect
USER32.dll,ReleaseDC
USER32.dll,GetDC
USER32.dll,DrawTextW
USER32.dll,GetDialogBaseUnits
USER32.dll,EndDialog
USER32.dll,DialogBoxIndirectParamW
USER32.dll,MoveWindow
USER32.dll,SendMessageW
COMCTL32.dll,ordinal:380
KERNEL32.dll,GetACP
KERNEL32.dll,IsValidCodePage
KERNEL32.dll,GetStringTypeW
KERNEL32.dll,GetFileAttributesExW
KERNEL32.dll,SetEnvironmentVariableW
KERNEL32.dll,FlushFileBuffers
KERNEL32.dll,LCMapStringW
KERNEL32.dll,CompareStringW
KERNEL32.dll,VirtualProtect
KERNEL32.dll,GetCurrentDirectoryW
KERNEL32.dll,HeapAlloc
KERNEL32.dll,GetFileSizeEx
KERNEL32.dll,GetConsoleOutputCP
KERNEL32.dll,GetOEMCP
KERNEL32.dll,GetCPInfo
KERNEL32.dll,GetLastError
KERNEL32.dll,FreeLibrary
KERNEL32.dll,GetProcAddress
KERNEL32.dll,LoadLibraryExW
KERNEL32.dll,GetModuleHandleW
KERNEL32.dll,MulDiv
KERNEL32.dll,FormatMessageW
KERNEL32.dll,CloseHandle
KERNEL32.dll,GetCurrentProcess
KERNEL32.dll,GetModuleFileNameW
KERNEL32.dll,SetDllDirectoryW
KERNEL32.dll,GetEnvironmentStringsW
KERNEL32.dll,SetErrorMode
KERNEL32.dll,GetCurrentProcessId
KERNEL32.dll,OpenProcess
KERNEL32.dll,QueryFullProcessImageNameW
KERNEL32.dll,CreateToolhelp32Snapshot
KERNEL32.dll,Process32FirstW
KERNEL32.dll,Process32NextW
KERNEL32.dll,CreateDirectoryW
KERNEL32.dll,GetCommandLineW
KERNEL32.dll,GetEnvironmentVariableW
KERNEL32.dll,ExpandEnvironmentStringsW
KERNEL32.dll,DeleteFileW
KERNEL32.dll,FindClose
KERNEL32.dll,FindFirstFileW
KERNEL32.dll,FindNextFileW
KERNEL32.dll,GetDriveTypeW
KERNEL32.dll,RemoveDirectoryW
KERNEL32.dll,GetTempPathW
KERNEL32.dll,QueryPerformanceCounter
KERNEL32.dll,QueryPerformanceFrequency
KERNEL32.dll,WaitForSingleObject
KERNEL32.dll,Sleep
KERNEL32.dll,TerminateProcess
KERNEL32.dll,GetExitCodeProcess
KERNEL32.dll,CreateProcessW
KERNEL32.dll,GetStartupInfoW
KERNEL32.dll,LocalFree
KERNEL32.dll,SetConsoleCtrlHandler
KERNEL32.dll,K32EnumProcessModules
KERNEL32.dll,K32GetModuleFileNameExW
KERNEL32.dll,CreateFileW
KERNEL32.dll,FindFirstFileExW
KERNEL32.dll,GetFinalPathNameByHandleW
KERNEL32.dll,MultiByteToWideChar
KERNEL32.dll,WideCharToMultiByte
KERNEL32.dll,SetFilePointerEx
KERNEL32.dll,FreeEnvironmentStringsW
KERNEL32.dll,GetProcessHeap
KERNEL32.dll,GetTimeZoneInformation
KERNEL32.dll,HeapSize
KERNEL32.dll,HeapReAlloc
KERNEL32.dll,WriteConsoleW
KERNEL32.dll,SetEndOfFile
KERNEL32.dll,CreateSymbolicLinkW
KERNEL32.dll,GetCurrentThreadId
KERNEL32.dll,GetSystemTimeAsFileTime
KERNEL32.dll,InitializeSListHead
KERNEL32.dll,SetUnhandledExceptionFilter
KERNEL32.dll,RtlUnwindEx
KERNEL32.dll,SetLastError
KERNEL32.dll,FlsAlloc
KERNEL32.dll,FlsGetValue
KERNEL32.dll,FlsSetValue
KERNEL32.dll,FlsFree
KERNEL32.dll,EnterCriticalSection
KERNEL32.dll,LeaveCriticalSection
KERNEL32.dll,InitializeCriticalSectionEx
KERNEL32.dll,DeleteCriticalSection
KERNEL32.dll,RtlLookupFunctionEntry
KERNEL32.dll,EncodePointer
KERNEL32.dll,RaiseException
KERNEL32.dll,RtlPcToFileHeader
KERNEL32.dll,GetCommandLineA
KERNEL32.dll,GetFileInformationByHandle
KERNEL32.dll,GetFileType
KERNEL32.dll,PeekNamedPipe
KERNEL32.dll,SystemTimeToTzSpecificLocalTime
KERNEL32.dll,FileTimeToSystemTime
KERNEL32.dll,ReadFile
KERNEL32.dll,GetFullPathNameW
KERNEL32.dll,SetStdHandle
KERNEL32.dll,GetStdHandle
KERNEL32.dll,WriteFile
KERNEL32.dll,ExitProcess
KERNEL32.dll,GetModuleHandleExW
KERNEL32.dll,IsProcessorFeaturePresent
KERNEL32.dll,RtlCaptureContext
KERNEL32.dll,RtlVirtualUnwind
KERNEL32.dll,IsDebuggerPresent
KERNEL32.dll,UnhandledExceptionFilter
KERNEL32.dll,HeapFree
KERNEL32.dll,GetConsoleMode
KERNEL32.dll,ReadConsoleW
ADVAPI32.dll,GetTokenInformation
ADVAPI32.dll,OpenProcessToken
ADVAPI32.dll,ConvertSidToStringSidW
ADVAPI32.dll,ConvertStringSecurityDescriptorToSecurityDescriptorW
GDI32.dll,SelectObject
GDI32.dll,DeleteObject
GDI32.dll,CreateFontIndirectW
